lat,lon,postal_code,country_code,population,density,elevation,some_label,colors
55.45956044753333,10.029788895619248,5463,dk,1648.838582277298,42.46541740376513,29.919859382312705,Category2,#7A93C8
55.24285904566446,12.144899702672111,4640,dk,6157.599030539393,46.404727857093505,20.387816717176538,Category2,#7A93C8
55.9706059055882,11.898456619109636,3390,dk,9767.803276792169,152.71593365989054,5.393087138493531,Category2,#7A93C8
56.68471520011043,9.36206308121977,9631,dk,1674.4467476531863,16.720374658266014,23.06012017246525,Category2,#7A93C8
56.02568549926048,10.093646878666348,8355,dk,5841.7907927036285,65.0676756576616,74.18695037273052,Category3,#B23282
55.77161580504391,9.960383275665404,7130,dk,8237.210914850235,58.51651510914848,34.6769703904968,Category3,#B23282
55.88632189270991,9.835638636091966,8700,dk,59123.02299684286,131.82514030629827,44.582447331712466,Category2,#7A93C8
54.998555735060584,9.265731528659442,6392,dk,2207.159814596176,35.573360054180306,30.669430463441564,Category2,#7A93C8
55.242539048875265,9.563416167322226,6100,dk,28707.79057515785,74.29894677460105,24.732804365506283,Category2,#7A93C8
55.68675994873047,12.586234092712402,1304,dk,6634.5,13707.64453125,7.161218643188477,Category1,#82BD17
55.24502562513255,10.536522719932327,5856,dk,3524.3986654281616,68.68547360506925,76.2908520916255,Category2,#7A93C8
56.89647105159575,9.2096124634729,9681,dk,1506.9172650948167,29.812982952645427,18.432048095728643,Category2,#7A93C8
55.174578579645306,14.821309293136395,3782,dk,2145.449978351593,29.319393134647996,91.07054334166189,Category2,#7A93C8
54.76753807232517,11.768281057240472,4891,dk,2018.655947405845,25.6121563620572,5.749439404978105,Category2,#7A93C8
55.05674494874167,8.748030298323764,6261,dk,3893.6506731510162,30.18353445629737,5.171635791661899,Category2,#7A93C8
56.39339832774488,9.814191760137826,8860,dk,3125.4152874946594,39.95295597845084,56.5658448706648,Category2,#7A93C8
56.58945149866672,10.141537797336944,8983,dk,2502.05814909935,42.83946881380863,33.5237516209734,Category2,#7A93C8
54.82150227567333,10.70218463501029,5932,dk,2320.823402926326,27.740555600734677,7.809453015074408,Category2,#7A93C8
55.67964103005149,12.408151626586914,2600,dk,7684.264801025391,1443.0738830566406,21.271167408336293,Category4,#FF6D6D
56.06383067592688,10.165368329598724,8320,dk,7926.3942794799805,155.1233190929232,61.562692227248725,Category3,#B23282
54.94950315687391,11.426692889354847,4944,dk,348.72634276747704,20.93720422629957,2.8728098386218623,Category2,#7A93C8
56.31632593794659,10.457829011071759,8410,dk,6954.598568528891,52.76684719868589,37.50357203854547,Category3,#B23282
55.60898291602966,11.229920041561126,4490,dk,2440.2352480888367,43.36406731749338,18.67005968515835,Category2,#7A93C8
55.72745598384312,9.218580147198269,7184,dk,447.07012844085693,16.357950652780985,94.39279605320523,Category2,#7A93C8
57.11368035794727,10.061181046043322,9310,dk,10613.49624812603,74.17830125684557,20.479499290985803,Category3,#B23282
55.662166595458984,12.594794273376465,1423,dk,8190.69189453125,16912.435546875,4.132386684417725,Category3,#B23282
55.91965086813326,12.152043678489312,3320,dk,8440.613133847713,78.66807045944468,10.559832578030214,Category3,#B23282
55.67734718322754,12.605142593383789,1434,dk,1654.1369018554688,1732.450927734375,0.48276016116142273,Category3,#B23282
57.05008156619855,9.847690407909564,9000,dk,54266.23034772277,454.599205399034,6.7410443442016,Category3,#B23282
56.144667169986626,10.000191018181843,8462,dk,6282.313837528229,105.77139708035156,29.95397603792094,Category3,#B23282
55.11843054933704,10.724303944460996,5883,dk,1348.1547159552574,48.77146548113346,39.44077327937791,Category2,#7A93C8
55.84855866017866,10.589522726632511,8305,dk,2827.182069480419,36.25446354560331,11.174541164103402,Category2,#7A93C8
55.47708240017253,9.135638599823684,6600,dk,14558.630023479462,177.53032259282222,46.53422782713192,Category2,#7A93C8
54.61582653809662,11.926474740658822,4874,dk,1126.9369984567165,21.9122486894872,1.6254685081412013,Category2,#7A93C8
56.70804376628664,8.708116385892586,7990,dk,1169.7695423960686,38.75502001307629,11.887246123687538,Category2,#7A93C8
57.06188570570063,10.002014455971894,9220,dk,18731.695125102997,167.87060335830407,5.105502796941437,Category2,#7A93C8
56.073320822861994,12.158168194880135,3210,dk,5286.88036814332,119.56448789546693,15.36104148132897,Category2,#7A93C8
55.625956126621794,8.129765476499285,6853,dk,47.721832394599915,3.977295534951346,5.640800810669764,Category2,#7A93C8
56.354709970838535,10.606777305705181,8560,dk,4060.532944560051,71.30229054790482,15.08907642628573,Category2,#7A93C8
57.51975710161548,10.42803957550614,9981,dk,1315.2713746130466,22.843037640994584,6.330684978185226,Category2,#7A93C8
56.377727535246954,9.658529592635047,8850,dk,10164.546634316444,35.77891133511465,49.6515853693074,Category2,#7A93C8
55.95916099308447,9.423759291604597,8766,dk,2825.3092539310455,25.743401579630813,101.28673998385587,Category2,#7A93C8
55.12382662636893,8.542656662823662,6792,dk,781.1517858747393,18.990955586371914,3.1880858465434923,Category2,#7A93C8
55.69544219970703,12.586782455444336,1327,dk,8437.966796875,17433.81640625,8.055717468261719,Category3,#B23282
55.71488800048828,12.60121030807495,2150,dk,7376.602338552475,1905.8561798095702,1.4154393442052726,Category4,#FF6D6D
55.384341180324554,12.281007622083028,4671,dk,4268.949088394642,157.61019523620607,7.892368358709648,Category3,#B23282
54.70419019266679,11.498176548741691,4960,dk,2107.0006334781647,30.576612518905296,8.101593005645938,Category2,#7A93C8
55.55160847016891,8.386173207612575,6710,dk,23391.658499717712,143.09165453922705,13.13252666720998,Category3,#B23282
56.32367497975709,10.295950877373336,8543,dk,7109.246532201767,111.79808845774072,44.047311944184735,Category3,#B23282
57.472067161788964,9.985114060563943,9800,dk,26723.140464261174,60.81619423706597,26.15963826200721,Category2,#7A93C8
55.39867953892911,8.733432996393455,6771,dk,2701.240728855133,33.56313880718867,7.787917646443861,Category2,#7A93C8
55.69501410590278,12.552638477749294,2200,dk,100915.72265625,23172.77419704861,14.073615709940592,Category3,#B23282
55.27432904675931,10.077915944098756,5620,dk,6437.685012340546,36.04656454916496,61.075891797318555,Category2,#7A93C8
55.325517390131566,10.740923793576101,5800,dk,17114.298709213734,70.18482129450949,18.731854113551087,Category2,#7A93C8
54.97871785485618,8.720387004022609,6280,dk,2191.708922445774,20.64252513848245,4.546071963409331,Category2,#7A93C8
56.098224353790286,10.182487237453461,8270,dk,30133.452959537506,862.0250758806866,69.06260568527948,Category4,#FF6D6D
56.08303180331275,10.02510049441504,8362,dk,10142.45673942566,138.33873525649784,71.45729334634447,Category3,#B23282
55.77902523676555,12.422571738560993,2880,dk,471.55300521850586,146.66916513442993,33.79943656921387,Category3,#B23282
57.34273743296687,10.280492345149488,9750,dk,1946.1281082630157,17.99050384911606,46.20348562376057,Category2,#7A93C8
55.34238662800782,10.307652619941726,5250,dk,23051.066198349,255.22786078441794,35.51329930763611,Category3,#B23282
55.69527816772461,12.594749450683594,1270,dk,2235.932861328125,4619.69580078125,2.632342576980591,Category4,#FF6D6D
55.58642596492061,11.202372427928593,4480,dk,1086.308997631073,48.60459371967081,11.517255312609084,Category2,#7A93C8
55.69123338507461,11.271897771480205,4593,dk,726.1440225839615,19.32155823496369,11.34519389587696,Category2,#7A93C8
56.064664522806794,12.459148872045823,3100,dk,4445.205446243286,66.60392781372002,32.0176468839248,Category3,#B23282
54.963531494140625,10.486006736755371,5965,dk,6.703948125243187,9.125072201093039,0.18873661756515503,Category2,#7A93C8
55.66772063752464,11.747357131096356,4390,dk,4536.75597858429,122.27307047909665,28.574422610153384,Category3,#B23282
56.26684716769627,8.65621737071446,7550,dk,1284.1068975925446,85.56217381216231,44.85069264173508,Category1,#82BD17
56.19116489044983,9.345041177729568,7442,dk,2704.4893795251846,65.36602206275049,80.00821518903292,Category2,#7A93C8
55.55032778897481,10.130121131064184,5400,dk,8708.169249802828,52.01931360742423,12.834803188278034,Category2,#7A93C8
55.233036162415694,9.296072330261012,6500,dk,8490.898642778397,28.202076775771097,42.97229525278412,Category2,#7A93C8
56.89185928425148,9.814708011114469,9530,dk,9239.198963403702,37.41188780112721,48.26871845068089,Category3,#B23282
56.77494346654739,8.306315411155913,7770,dk,888.0388754606247,22.544970998984606,18.892294693767617,Category2,#7A93C8
55.367645927789894,12.08525362603492,4682,dk,2463.508419394493,44.441826652971656,26.5636139230875,Category3,#B23282
55.42314709930955,8.400655012577003,6720,dk,3699.1940217018127,105.32447591070736,3.6148318320845036,Category3,#B23282
55.50704271604367,11.300960731873404,4270,dk,9783.220193862915,70.48118484668562,20.035748798749353,Category2,#7A93C8
55.59762714312889,11.645823899671143,4350,dk,2079.99059510231,35.80623215526184,42.414637226301934,Category2,#7A93C8
56.36188786018482,10.338914826422027,8544,dk,3172.761589050293,40.86796889724437,36.893536725266664,Category2,#7A93C8
57.032642768268715,10.292196258913563,9370,dk,4811.648621112108,35.93217358068751,6.871852733230514,Category2,#7A93C8
57.13440194144378,9.746579248829615,9440,dk,9429.43447369337,61.54709508675455,5.391649883880105,Category2,#7A93C8
56.1265943417774,8.97019317374525,7400,dk,41413.267169356346,195.8759802140865,48.490446959969056,Category1,#82BD17
55.72809017723443,9.718583127627006,8721,dk,2648.6663823127747,66.47744614217017,45.82398418534516,Category3,#B23282
55.450492926282344,12.161494913127523,4600,dk,32379.286200881004,260.9555740732913,12.469385454200454,Category3,#B23282
55.57657682824047,12.09968838200901,4621,dk,5419.064688205719,101.65164572701785,33.87609874555916,Category3,#B23282
55.8870331746056,9.609709362302508,8763,dk,2544.150304555893,49.28514388041523,63.16644199643817,Category2,#7A93C8
56.263043208260996,10.057998433559526,8382,dk,12731.99176979065,118.17368525269703,59.14218392319652,Category3,#B23282
56.4868546412726,9.89165147133972,8920,dk,23811.074449062347,70.39394766061875,31.64653488254161,Category2,#7A93C8
56.482780114529476,9.120561020770388,7850,dk,5311.250500917435,76.48197177243539,28.960626630919677,Category2,#7A93C8
55.49423447429413,9.316067220955103,6640,dk,5759.749600887299,57.45391291633908,47.207325672054814,Category3,#B23282
55.41240130194072,9.910713026442169,5592,dk,4169.958422422409,45.987342218785436,20.640853413116172,Category2,#7A93C8
54.869400052239186,12.030920647799322,4850,dk,3563.125227600336,20.33988749363052,7.078193661027413,Category2,#7A93C8
55.53135898474491,11.647609216516669,4296,dk,1140.629358381033,33.48163193482341,37.376022697217536,Category2,#7A93C8
55.32650522421965,9.280025671631561,6560,dk,2340.2946836948395,29.623796217933936,41.51245454832407,Category2,#7A93C8
55.20929452878989,10.096001213231283,5683,dk,5350.615818917751,31.672580207961484,28.593400424581215,Category2,#7A93C8
55.36111027248322,10.593330055475237,5550,dk,8479.30373620987,132.38439604677848,16.470236188457125,Category2,#7A93C8
55.873955873046256,12.471560851492063,2970,dk,17387.27110004425,372.3166153411673,34.813482925626964,Category4,#FF6D6D
56.05909708568028,12.551364779472351,3150,dk,3054.4885082244873,402.4261151041303,28.92266711166927,Category3,#B23282
55.219339664398674,11.184843081519716,4244,dk,116.1191338300705,16.570772777284894,1.001448624900409,Category2,#7A93C8
55.545071651529724,8.474940123525778,6715,dk,13538.98807311058,148.51076812254016,20.54355186518186,Category2,#7A93C8
55.78380143789598,12.357335222503286,3500,dk,17922.3683013916,645.3778401127569,33.96641822935622,Category4,#FF6D6D
55.40799831598485,11.345010250557255,4200,dk,37843.35257744789,62.24793078286242,24.425560783272662,Category2,#7A93C8
56.06470951750165,10.229937784018972,8330,dk,7885.373725891113,159.76444205613362,42.62116859790051,Category3,#B23282
54.88743861516316,11.473224858442943,4942,dk,16.12208680808544,7.755812704563141,-0.7325543407350779,Category2,#7A93C8
55.93744554254744,11.739053619570202,4581,dk,2081.279597699642,82.99624732368522,7.32250473982896,Category1,#82BD17
57.1689491679314,9.959481463270615,9381,dk,3013.195177078247,62.79329978612939,11.095652598185628,Category2,#7A93C8
55.68700230019724,9.00108593773638,7250,dk,1587.5485236644745,16.647012610109442,55.91468071326232,Category2,#7A93C8
55.84209580562733,12.077158558898502,3600,dk,21064.140555143356,138.97031508622345,11.95066944117998,Category3,#B23282
55.19970610940998,14.729455684339909,3790,dk,2135.6554132699966,46.536578128594115,51.86604157340905,Category2,#7A93C8
55.708367276089824,11.899851841651476,4070,dk,7843.294538617134,63.39852104199747,19.688245639785404,Category3,#B23282
55.26995104835147,12.360406446250485,4673,dk,2430.0269205272198,75.20878020612709,17.729422646781828,Category2,#7A93C8
55.655121729924126,12.500122437110313,2500,dk,39727.68566894531,6323.6676682692305,7.240133212162898,Category3,#B23282
56.50336603230623,10.132058734907503,8930,dk,14859.733611777425,88.31219896625508,36.8817368832202,Category2,#7A93C8
55.39943217928448,9.535812391049017,6093,dk,1528.4543089866638,48.12894082649675,38.05534812591086,Category2,#7A93C8
57.137306764330184,9.854336404800415,9430,dk,6526.933809995651,54.047798888706026,6.581953549608195,Category2,#7A93C8
55.28664406245989,11.41290925206729,4261,dk,3641.7404096126556,39.24697024400859,22.338058746283206,Category2,#7A93C8
55.51411284782269,11.868723047221149,4174,dk,2573.3853602409363,50.33614023968025,64.0503569929688,Category3,#B23282
54.91756331109164,12.169693493982505,4792,dk,1295.5184240341187,22.932699158540245,12.104706579582734,Category2,#7A93C8
55.20477050554333,11.651932341350113,4736,dk,2853.306803971529,35.33888621243535,6.255580392420982,Category1,#82BD17
55.7121852238973,12.569578170776367,2100,dk,68160.32922363281,11768.035970052084,11.836071093877157,Category4,#FF6D6D
56.41595968535452,8.319531286991003,7660,dk,875.3996858596802,11.098789131689555,9.014693343875686,Category2,#7A93C8
55.66796549921278,11.621705805568634,4420,dk,7222.0120594501495,77.32510063879239,25.100045506575857,Category2,#7A93C8
55.67092037200928,12.62775206565857,1441,dk,3115.1987915039062,2307.45166015625,0.6171988447507223,Category3,#B23282
55.843141812152055,9.259292544587234,7323,dk,7949.553933382034,32.68549266914985,78.62208939728227,Category2,#7A93C8
55.97895006876656,12.04525813087905,3300,dk,18069.18534731865,250.9180612988064,14.100691248424727,Category2,#7A93C8
55.962401793364755,12.421114132920458,3480,dk,10905.622515320778,72.59812091007292,26.825001009422436,Category3,#B23282
56.0353926493125,9.504694084549287,8654,dk,3399.0939434170723,45.84434204418613,88.3691579605116,Category2,#7A93C8
55.65123128890991,12.423654317855835,2605,dk,9021.418563842773,1164.0767555236816,13.401382744312286,Category2,#7A93C8
57.46228820731994,10.259923850416033,9870,dk,4652.147485733032,19.424718373322033,41.00722603152722,Category2,#7A93C8
56.768596786657795,9.27769110564913,9640,dk,6866.771485984325,29.96277030643645,19.635292081467462,Category2,#7A93C8
55.95053664424963,8.799360873406393,7280,dk,1724.4008643627167,41.7743565429721,22.19606729975918,Category2,#7A93C8
55.83538421007946,8.907490723721894,7260,dk,2139.2089240550995,21.513906336281146,35.937880314604556,Category2,#7A93C8
54.951986948649086,10.617021242777506,5943,dk,10.322901993989944,8.943561553955078,-1.955282986164093,Category2,#7A93C8
56.288704796841266,9.725331895333483,8882,dk,2236.492767095566,36.94318011156599,43.96750272655119,Category2,#7A93C8
57.482125785027016,10.4661267310013,9970,dk,2668.6210083961487,72.9879981453036,7.691402226171377,Category2,#7A93C8
55.67871856689453,12.569625854492188,1454,dk,3094.171630859375,6391.595703125,15.052411079406738,Category1,#82BD17
55.62588038974338,8.923486804962158,6682,dk,671.8640384674072,18.80908051331838,47.07545202428645,Category2,#7A93C8
56.1892062725664,8.529956777079576,6973,dk,851.9454383850098,21.346451996135063,44.33612480077073,Category2,#7A93C8
55.72410774230957,12.563385009765625,2900,dk,3092.1146240234375,3197.6365966796875,10.250831604003906,Category4,#FF6D6D
55.39180036050303,10.5279347767401,5290,dk,4157.3129205703735,107.4903675818065,10.735717361402259,Category2,#7A93C8
54.925106564022244,10.276386619749522,5985,dk,1019.7450716421008,26.298464694477264,20.22130600398495,Category2,#7A93C8
54.7957874132481,11.422214074818404,4951,dk,1257.8952927589417,35.15778628780847,7.923540886937877,Category2,#7A93C8
55.855206751355944,9.421182834400849,7173,dk,1353.1593979597092,26.142116455578698,92.12157196919483,Category2,#7A93C8
55.98379621430049,11.962958728037183,3370,dk,2157.1622034311295,102.068478489679,10.502876348156704,Category2,#7A93C8
55.86647640213134,11.625273084463895,4572,dk,2569.2886896133423,55.56614573794067,23.724030326784238,Category2,#7A93C8
56.14080750029764,8.481091223435847,6971,dk,2508.318885564804,23.75291665774384,39.81020810532612,Category2,#7A93C8
55.53807987215298,11.720153708982357,4370,dk,1995.2863335609436,42.26479826735802,42.84287914640509,Category2,#7A93C8
54.771289517306336,11.476906199344834,4930,dk,9956.933445125818,97.48984436163194,9.621149946217722,Category2,#7A93C8
54.9999592303917,12.016630996138378,4773,dk,2863.7572318315506,56.06528840668007,49.52365487323695,Category2,#7A93C8
54.84850580793873,11.89905731588378,4863,dk,2504.699443459511,39.44137502443123,10.274999728441509,Category2,#7A93C8
55.68703842163086,12.59455394744873,1263,dk,2023.2978515625,4354.54931640625,7.719240665435791,Category4,#FF6D6D
55.121292124191925,15.10933692968554,3740,dk,1766.2722150683403,86.62369671273562,37.08668947611814,Category1,#82BD17
55.63776779174805,12.562798923916286,1561,dk,6013.637638092041,1398.5404620700413,1.883393868803978,Category3,#B23282
55.834425790512284,9.600418464963893,7171,dk,3197.3451642990112,81.4759835889374,65.7453338395817,Category2,#7A93C8
55.71510340463941,8.755887378474648,6823,dk,1744.2127630710602,13.924057491649165,25.023424770891683,Category2,#7A93C8
55.536547801103545,12.189705439345545,2680,dk,15734.326278686523,307.9654215030569,14.292206979398898,Category4,#FF6D6D
55.02765687781141,9.802606250224553,6430,dk,13417.380531966686,126.16521766611653,18.491763866329165,Category2,#7A93C8
55.11902487001431,9.066411700149741,6535,dk,370.117510676384,11.696531401812958,35.893130812452824,Category1,#82BD17
55.62307200712316,12.420707870932187,2660,dk,13192.460201263428,1736.293300853056,5.664170563220978,Category2,#7A93C8
55.30726543617317,8.773344419041747,6760,dk,11001.97240114212,38.467725556965355,8.36585793888432,Category2,#7A93C8
57.09138230788402,8.6671459094072,7730,dk,2956.79092784971,36.87881604509476,20.98836915521395,Category2,#7A93C8
55.72971028331596,9.100661797267724,7190,dk,4444.065453052521,64.5370593361471,61.267764218648274,Category3,#B23282
56.01141732533773,12.56775779724121,3070,dk,11074.42552947998,1039.5057556152344,32.79090838432312,Category3,#B23282
55.248987317251995,14.805304075621223,3770,dk,2824.608065366745,70.61030175091224,65.60779978361997,Category2,#7A93C8
55.76414106089545,11.961306033523357,4050,dk,9228.589571461082,55.7572390251169,20.389918273958326,Category2,#7A93C8
55.93736344019571,9.498857755572708,8765,dk,1220.0464646816254,20.9240887093544,99.64804873077956,Category2,#7A93C8
55.23437273858401,11.338547683936476,4230,dk,8539.173224568367,27.7422160395722,5.916279380759831,Category2,#7A93C8
55.54097170986972,12.122984501468393,4622,dk,5651.190663814545,106.79860265438373,29.042696688550734,Category3,#B23282
55.04993110599896,8.987624735341235,6240,dk,5621.727401614189,21.33317819277422,17.019330582614188,Category2,#7A93C8
56.710257636176216,11.52702628241645,8592,dk,67.2126157283783,25.93315913942125,8.367109751701355,Category2,#7A93C8
56.376519013474265,10.479646749180658,8550,dk,3424.780158519745,33.66557046282402,16.938566444981404,Category2,#7A93C8
56.960302332297815,9.868330294333335,9230,dk,10484.682210445404,102.05747721330964,31.70529781878,Category3,#B23282
54.74695928416727,11.971865713887212,4872,dk,2212.1924696564674,38.708703933426925,7.1672060838234835,Category2,#7A93C8
55.772756914807175,9.310255285868278,7321,dk,1231.216519832611,24.551403294809354,88.50742752979963,Category2,#7A93C8
56.46912654753654,10.035602323470577,8900,dk,15274.771764278412,1038.894025248866,26.056536198655763,Category2,#7A93C8
54.9024462492038,11.315545641895616,4943,dk,790.2338588759303,25.00706793900047,9.128382237817323,Category2,#7A93C8
55.6622200012207,12.578185081481934,1562,dk,6219.31298828125,12841.8603515625,3.729339599609375,Category1,#82BD17
55.019051781490155,9.491969087655905,6200,dk,24172.058281123638,87.56359857815035,38.732307663137036,Category2,#7A93C8
55.37504484994071,10.41613598551069,5230,dk,23741.48863220215,1578.0349432809012,20.795416239329747,Category4,#FF6D6D
55.85139212194349,11.592027651764925,4560,dk,3754.8658969402313,48.56870925128326,20.166466763691705,Category2,#7A93C8
55.12143464349333,14.776268064470141,3700,dk,17959.58110654354,63.248429202671936,53.16469501739662,Category2,#7A93C8
55.81071323101064,11.43442386433113,4540,dk,4080.2973259426653,86.81314941886751,27.669596642111642,Category2,#7A93C8
57.00908220110999,8.943931100755513,7742,dk,1299.4214602559805,23.339060744641074,5.2967683233805785,Category2,#7A93C8
56.986753270578,8.658529879533083,7700,dk,17754.289669930935,68.86041442447818,17.1720433831981,Category2,#7A93C8
55.544565382255534,11.4831225553096,4293,dk,6610.434032201767,63.37300361429184,32.83646947310905,Category2,#7A93C8
55.650926647764265,12.604991537151914,2300,dk,88459.44911193848,5651.100602583451,2.883330708493789,Category3,#B23282
55.27993627046757,9.02301910223992,6510,dk,3287.8183467388153,19.317436243691798,33.33597834925609,Category2,#7A93C8
56.06577405538901,12.271016016979326,3230,dk,10821.904265463352,88.59300593123486,24.629464519362998,Category3,#B23282
55.35226512056772,12.335377718974897,4672,dk,1951.177875995636,29.32970392892786,15.41492309960052,Category2,#7A93C8
56.94574921596956,9.304591197657466,9670,dk,8412.678134679794,34.93265881338411,19.648416543671956,Category2,#7A93C8
55.53514036135759,11.385127779733761,4291,dk,3884.2237639427185,49.56160410872737,36.1898737515375,Category2,#7A93C8
55.69128841400146,9.262403018739487,7183,dk,540.9298098087311,25.401717234717474,71.75260816786025,Category3,#B23282
55.83944534703988,12.273530962894293,3540,dk,5717.479561805725,128.78851383159488,38.08815836268488,Category3,#B23282
55.439314788785474,10.549016826111696,5330,dk,4777.150799274445,64.4713349560083,4.135099551547319,Category2,#7A93C8
55.619977663923436,11.716066607550358,4340,dk,5638.076072216034,77.1342540068984,48.902038571829806,Category3,#B23282
55.36388667263429,9.457977056775736,6070,dk,5287.009674549103,29.131393764277544,43.140490332699414,Category2,#7A93C8
55.72180938720703,12.524028778076172,2870,dk,2872.708740234375,2970.7432861328125,16.815689086914062,Category3,#B23282
56.239723792155225,10.673701238999799,8400,dk,7559.281784892082,66.80442479046741,27.610468238115114,Category2,#7A93C8
56.09002365838054,9.759912695016435,8680,dk,9239.136819183826,45.954735740273385,72.66854548091324,Category3,#B23282
54.833439989233824,11.14292112646899,4900,dk,15685.70209684223,22.476011513449834,3.1191974212342837,Category2,#7A93C8
55.87827771784185,9.666726600381482,8762,dk,1065.6943283081055,45.85685202490279,54.33758979559818,Category2,#7A93C8
55.50533856758996,8.995619236713365,6650,dk,7021.114899277687,33.69495856099659,45.75091028306204,Category2,#7A93C8
55.53598877069033,10.386163895443167,5450,dk,11894.72376677394,47.37296480522927,6.878078617268713,Category2,#7A93C8
55.62850418444034,8.381306285328334,6851,dk,738.9359173774719,50.28771699225461,6.934063043252187,Category2,#7A93C8
55.46476759877839,9.568433674944153,6091,dk,5071.662187129259,253.49331753767385,27.268602306085807,Category3,#B23282
56.580205488561006,9.176906020222892,7840,dk,3413.8820592463017,45.75704347632951,17.702392028956375,Category3,#B23282
56.72509820940003,8.416465783031214,7760,dk,4100.679288908839,32.45930090415099,29.637823577198326,Category2,#7A93C8
55.84843960524519,11.967451204371597,3630,dk,7135.623693883419,57.81655456077721,12.137620804423428,Category2,#7A93C8
55.77693083882471,8.302963426378039,6830,dk,2576.0031111836433,30.007987754735336,9.183205945746028,Category2,#7A93C8
55.072213543623945,9.290003188680947,6230,dk,10202.78074169159,45.651550063776874,40.25172723479241,Category2,#7A93C8
55.23311909259672,10.753538967440367,5871,dk,2035.8180088996887,29.056245888306712,31.73496119968038,Category2,#7A93C8
56.74648382054779,8.572167934457978,7960,dk,824.7013152390718,21.617665802426156,7.487919917270175,Category2,#7A93C8
56.532769546403095,8.290495076512164,7620,dk,8245.034961521626,80.83198515631096,27.444835953273078,Category2,#7A93C8
55.70684763943707,11.371669030189514,4460,dk,2285.772755384445,64.20089586929039,32.838186804122394,Category2,#7A93C8
55.728566710230396,11.57183397863079,4532,dk,3407.0511136054993,63.274977797849,6.686082750881225,Category2,#7A93C8
56.36124529090581,10.750636359793027,8570,dk,2253.997623682022,28.36361642464614,18.13142733944125,Category2,#7A93C8
56.421538309733066,10.359827782913491,8963,dk,4667.756402015686,91.25331369375297,13.500533399917462,Category2,#7A93C8
55.43476503574906,8.9008542360315,6683,dk,747.6629648208618,28.862506105473653,25.340613457546144,Category2,#7A93C8
56.35203150051092,9.521290580570135,8840,dk,3079.06822514534,45.35888099086917,48.94229766356557,Category2,#7A93C8
55.15809692011939,10.657402088907029,5892,dk,1673.0511429309845,32.094763139221406,73.14767253663804,Category2,#7A93C8
55.497825936596804,8.532555606630112,6705,dk,15544.231044769287,146.07206603589685,22.632005147937974,Category2,#7A93C8
55.87990666817928,12.351471555709535,3450,dk,22278.918922424316,251.5879010985585,54.15592264502572,Category3,#B23282
55.50221417273892,10.167587025405853,5471,dk,8685.536098003387,46.85060196495746,32.64923214230562,Category2,#7A93C8
56.85373779073193,9.944789672688042,9520,dk,4035.1480670571327,32.570574475952625,38.239849477241506,Category3,#B23282
56.324514353523654,10.811267771075169,8444,dk,1010.6838726997375,21.17496486141657,31.73174139279872,Category2,#7A93C8
55.794546870157774,12.230501618770639,3660,dk,11739.493363380432,169.67328645763976,27.674740064858586,Category3,#B23282
54.83526042483191,11.364937090129493,4952,dk,1054.5065207406878,12.512505594849454,6.919806750733534,Category2,#7A93C8
55.237280282900585,10.267058163217259,5672,dk,6180.633027791977,64.09171892903208,35.94388743518579,Category2,#7A93C8
56.28833071786815,8.22783488453344,6990,dk,3064.615073926747,29.38748671202202,7.480208451902039,Category2,#7A93C8
55.595122792985705,12.17673078775406,4030,dk,6475.696870803833,160.00925521320767,39.38643021053739,Category3,#B23282
55.36040264952416,9.583542802967065,6094,dk,1362.049311876297,38.83040395118761,22.226563968893252,Category1,#82BD17
55.56067308030946,9.480467686931043,6051,dk,4138.214391231537,68.14375364137267,52.850331342380855,Category3,#B23282
56.16849750798486,9.760271055267692,8641,dk,3016.4652819633484,77.18996189979559,79.33621973641786,Category3,#B23282
55.38873679631363,10.247393613364627,5491,dk,9518.745979309082,167.41211625157518,50.30005375667589,Category3,#B23282
54.70666544123483,11.385423181569713,4970,dk,4705.387277632952,30.360386822188126,0.8550716012485506,Category2,#7A93C8
55.41254385312398,10.47963434457779,5320,dk,3733.567551136017,112.09491876761118,11.748725613737903,Category2,#7A93C8
56.43167575147822,10.834000116422743,8500,dk,16801.342904299498,49.3071650321962,18.50098034219873,Category2,#7A93C8
56.962677505034584,9.562478460439237,9240,dk,10359.960679978132,33.47739301669548,20.763912537639552,Category3,#B23282
56.0311055360511,12.435801712820117,3080,dk,1588.4509652256966,34.34029728968475,30.743269268004763,Category3,#B23282
55.66151809692383,12.553207397460938,1705,dk,4140.34423828125,8549.1318359375,3.1169309616088867,Category1,#82BD17
55.31728154976475,10.358742447260047,5260,dk,18147.71272468567,260.70384834084103,30.126371276434284,Category2,#7A93C8
56.02133455600868,10.190160537865337,8340,dk,5075.0843552351,66.37764035730945,34.13068832669317,Category3,#B23282
56.44873591041447,8.651750590938363,7560,dk,1303.5376527309418,33.130372376728,32.55862504080432,Category2,#7A93C8
55.56026109517598,8.666588379517227,6818,dk,2875.8416657447815,36.452293191105426,23.12526606248713,Category2,#7A93C8
56.10455463133275,10.083602541567558,8361,dk,8418.555137634277,279.47122035042605,63.0480754505275,Category3,#B23282
55.520030712044765,10.281338338057198,5485,dk,3229.169710636139,85.4675976174465,20.91164715713349,Category2,#7A93C8
55.68767166137695,12.569520950317383,1354,dk,6015.1474609375,12427.990234375,13.157611846923828,Category1,#82BD17
55.708550214767456,12.484780490398407,2700,dk,35859.71813964844,4633.525497436523,22.11090350151062,Category3,#B23282
56.96827135625512,10.158744477968822,9280,dk,5610.514469832182,47.9310719343187,12.159622758551421,Category2,#7A93C8
56.17781661585201,8.739745899972903,7480,dk,5868.1146376132965,91.34049966365058,45.7297301629577,Category2,#7A93C8
55.585962339033166,9.166261818116173,6622,dk,1581.095802307129,24.521308362065703,63.74453596985131,Category2,#7A93C8
55.68681716918945,12.604382514953613,1439,dk,368.2250061035156,1383.264404296875,NULL,Category4,#FF6D6D
55.612809287177186,12.595938444137573,2770,dk,8564.241493225098,1371.3743243747285,1.1012402626996238,Category4,#FF6D6D
55.77212719844157,9.4306338981274,7300,dk,6946.954419136047,41.74868985352811,90.19092440102051,Category3,#B23282
55.638091217603716,11.411134965620736,4450,dk,5962.330094099045,45.848224575385586,41.80619109841599,Category2,#7A93C8
56.89528091729977,10.09961808420363,9293,dk,2484.3980510234833,26.341484806671804,19.852907415914846,Category2,#7A93C8
55.03926858113323,11.901420220743786,4760,dk,19035.9590382576,101.47026499603022,11.410274299165254,Category2,#7A93C8
56.03410745584775,8.382366830039592,6940,dk,2708.415298342705,26.0728413122987,14.870508864204146,Category1,#82BD17
56.303215934680054,9.774212339963668,8881,dk,3678.6684643030167,44.27150763905966,55.22526800339038,Category2,#7A93C8
55.31963675400968,11.750098651264695,4160,dk,5337.224120616913,42.46989251859235,26.716428828758392,Category2,#7A93C8
55.87358113344835,9.493017701449197,7160,dk,5298.415494322777,43.30383536770311,89.27807917347032,Category2,#7A93C8
54.88572972003992,9.68659691834667,6310,dk,5727.7482197880745,69.68521746946499,15.515711906133221,Category2,#7A93C8
55.82620641736016,12.365259045103322,3520,dk,20555.03997039795,347.81537285680355,47.21009006085603,Category4,#FF6D6D
56.20156748251693,8.25076606521147,6980,dk,1969.7169227600098,16.369579562442205,4.638378074358129,Category2,#7A93C8
55.8401916961023,8.323916619412342,6893,dk,1454.9541551917791,30.724682276922195,3.695653493018939,Category2,#7A93C8
55.792871617760674,8.602299765669759,6870,dk,5476.026993513107,27.49306519752912,38.451698837604056,Category2,#7A93C8
55.960861917526,12.511625505629041,3050,dk,10338.762077331543,424.7983886476547,22.40831174396333,Category4,#FF6D6D
55.63698959350586,12.361193656921387,2625,dk,829.2528076171875,1711.2109375,5.723090648651123,Category4,#FF6D6D
57.2620569229126,9.618462941957556,9492,dk,1351.8115780502558,26.161788613381596,20.060503180623055,Category1,#82BD17
55.67841339111328,12.561189651489258,1602,dk,2803.33203125,5790.8115234375,11.488849639892578,Category2,#7A93C8
55.651340811954455,9.673449012212023,7080,dk,15098.315149784088,178.90030084695857,30.79585785628132,Category3,#B23282
56.407157391593564,10.579318248090289,8581,dk,799.2054522037506,20.661490257297242,30.74831191812243,Category2,#7A93C8
55.01807644511987,10.590235040064302,5700,dk,38795.76349923015,105.75454358410576,19.394809676076154,Category2,#7A93C8
55.732484490885774,9.62379418162707,7120,dk,11965.546186372638,67.76163518411562,77.7857882145184,Category3,#B23282
55.35609965785496,12.220407886155682,4652,dk,6066.957563877106,52.245618397018994,13.256993264289026,Category2,#7A93C8
56.739763550980136,9.92750152262351,9510,dk,3676.074353337288,31.50496558157635,43.383483890317926,Category2,#7A93C8
55.781746546427414,12.46270004908244,2830,dk,3220.347915649414,1111.6126047770183,28.004590670267742,Category4,#FF6D6D
56.60636963589634,9.515643529173243,9632,dk,2244.851756811142,26.31021101066988,26.403746144575507,Category2,#7A93C8
55.5036026754534,10.630126769556625,5370,dk,1035.2968793287873,33.07400376445208,5.242079415077728,Category2,#7A93C8
55.71620248718026,11.33529980075948,4591,dk,1984.4357692599297,40.5328613811253,34.11977504433081,Category2,#7A93C8
55.66103744506836,12.54492473602295,1733,dk,4947.38232421875,10215.5322265625,4.58170747756958,Category3,#B23282
54.87402867022856,9.443245705000882,6340,dk,3068.7043311595917,43.78593923232237,40.018010230761526,Category2,#7A93C8
56.19430034819103,10.09312363034203,8381,dk,13651.710916519165,180.44085644676574,37.24827671595982,Category2,#7A93C8
56.02770034058154,8.838843699551477,6933,dk,3782.769834637642,27.1871067580651,47.04331600389492,Category2,#7A93C8
55.769564042520265,9.854768095823824,8783,dk,4177.627426624298,62.446565359925465,59.996510651974056,Category2,#7A93C8
55.22397119027597,12.154289925539935,4654,dk,4182.635007999837,124.0626634468635,11.35222090659318,Category2,#7A93C8
57.315699879323574,10.451472111691801,9300,dk,11104.087238267064,41.330898097428715,33.16067821097705,Category2,#7A93C8
55.30414910069974,11.259572916854147,4242,dk,1514.8293801546097,28.126978264384398,14.603471218695736,Category2,#7A93C8
57.095332155789926,9.503519067856189,9460,dk,6722.757100582123,62.098172372025424,10.700642228079987,Category2,#7A93C8
55.83841482041373,12.480055093765257,2840,dk,8819.766918182373,498.084167177715,51.90880400037009,Category4,#FF6D6D
56.21487394665915,9.830328557604837,8472,dk,519.2837648391724,40.82643476869694,70.50200290377178,Category3,#B23282
55.137410163596066,10.179443479434267,5642,dk,1592.7564978711307,33.307467923258926,37.840068168650326,Category2,#7A93C8
56.49115864995219,10.6965420767058,8585,dk,2705.546068459749,86.86925685559947,26.29620564836845,Category2,#7A93C8
55.5496140648337,8.801325896207025,6752,dk,559.1960604190826,22.463061746428995,22.36658459551194,Category2,#7A93C8
55.772396924760606,11.815472425354853,4305,dk,743.8282844722271,42.26670733690262,8.58548200527827,Category2,#7A93C8
56.40584162213674,10.042804166760465,8940,dk,10442.759152650833,88.06210434716424,38.36438741244897,Category2,#7A93C8
55.35850818104213,10.673470029922766,5540,dk,6352.108498096466,60.09445895938521,17.33249219917368,Category2,#7A93C8
56.85211811798036,9.684445076660342,9541,dk,2840.8744192123413,35.831516668186815,41.283349476393575,Category2,#7A93C8
55.34932066058065,10.493324273853803,5220,dk,20015.961567878723,264.9759087826379,27.230455239844915,Category2,#7A93C8
55.05655860900879,10.166637579600016,5601,dk,54.13233144953847,14.037013318803574,8.26599435011546,Category2,#7A93C8
55.645286560058594,12.337242126464844,2620,dk,297.8000793457031,614.527587890625,3.827732563018799,Category2,#7A93C8
55.66400053207836,12.206883073633625,2640,dk,18135.893363952637,190.19130475142646,25.516468555350155,Category3,#B23282
55.98764376016738,8.501793536279079,6900,dk,10259.540482759476,39.63473201938869,19.247453634282937,Category2,#7A93C8
56.87171767970892,8.514718124700009,7752,dk,5556.740861058235,32.62555167854683,19.64258433891557,Category2,#7A93C8
55.7879123881939,9.800250798742246,8781,dk,3632.428876876831,67.2715237014472,54.14470169454474,Category3,#B23282
55.76350538465712,12.570281198289658,2920,dk,13222.916763305664,1948.703882683648,19.7814167075687,Category4,#FF6D6D
55.91705580268587,10.063934440786639,8350,dk,2455.99711240083,36.997753128444856,46.698080782556815,Category3,#B23282
55.48943830023006,9.907858194137106,5466,dk,1187.5139421224594,63.22818358333744,28.00515322174345,Category1,#82BD17
55.004952491632025,12.145224437793763,4771,dk,1504.3272602930665,65.0728387232922,12.520361095870662,Category2,#7A93C8
57.296879959409196,10.117800370145726,9740,dk,1528.3235323429108,45.81056549682818,49.641315677885025,Category2,#7A93C8
55.7722053527832,12.410852114359537,2730,dk,618.4480285644531,426.73984781901044,44.24250793457031,Category4,#FF6D6D
54.85687963472208,10.483664178695669,5960,dk,3065.259307011962,92.49562943750608,3.5720380351223326,Category2,#7A93C8
56.28202405983839,9.418817651181056,8620,dk,9436.73593056202,47.340880049864914,62.75144636371134,Category2,#7A93C8
55.11164705943456,11.848576939729075,4750,dk,4268.263223320246,36.8596896839229,9.31935999360391,Category2,#7A93C8
55.89026688052951,9.05251718095452,7330,dk,4324.659438490868,95.44094754875479,52.17164032835709,Category1,#82BD17
56.12557919349199,10.085408954855836,8260,dk,25121.46862411499,893.1762356171785,40.93160088714259,Category3,#B23282
55.96208417907298,9.740995700559061,8752,dk,5187.467967033386,44.78505503480944,67.77133827051296,Category3,#B23282
55.65522096460516,12.280660989067773,2630,dk,34793.42470741272,479.4094464908947,18.690938759283586,Category3,#B23282
55.047458148555734,15.070078701148798,3730,dk,4962.013990998268,28.321100899264607,34.3220590802713,Category2,#7A93C8
55.68704605102539,12.578025817871094,1350,dk,3399.619384765625,7024.0068359375,6.903463840484619,Category1,#82BD17
55.5948144866199,12.263405157298576,2670,dk,26341.877073287964,683.920765341782,11.138461290134323,Category4,#FF6D6D
55.302371647128645,10.447357652496779,5792,dk,8808.22618484497,104.1077350159208,47.61368964452592,Category2,#7A93C8
55.92041068545519,12.257949487882973,3400,dk,32667.263333320618,170.17272536162926,27.291545123168802,Category3,#B23282
55.31220397834944,11.545913565210787,4250,dk,4087.4614255428314,30.927525060784586,34.39115540651454,Category2,#7A93C8
55.80768889779443,9.706043350217245,8723,dk,8396.468481063843,90.85072713350968,55.43662479343104,Category2,#7A93C8
56.35221895724708,8.613853913999563,7500,dk,33120.60425209999,91.6912657674945,31.66489746290996,Category2,#7A93C8
55.41193858141091,12.129549816105564,4681,dk,9025.178672075272,193.14049534337565,25.248609623667328,Category2,#7A93C8
55.91561887203118,12.457781728982052,2980,dk,17067.90585899353,376.38855022109044,21.743580208942568,Category3,#B23282
54.76145040839347,10.698307055996299,5935,dk,794.7216600626707,20.738274501763055,0.8558102125331523,Category2,#7A93C8
56.13693711235409,9.814833525703067,8670,dk,3758.1311373710632,100.64211963154023,78.72159278960456,Category3,#B23282
54.96660747173627,9.10214404480914,6372,dk,2205.614795446396,18.72167844768573,15.882380902476227,Category2,#7A93C8
56.00765653451284,12.543683803743786,3060,dk,7344.027400970459,618.8157981766594,41.59254523118337,Category4,#FF6D6D
56.26868549677918,10.153146174055133,8380,dk,4799.572171211243,84.23585893401393,64.91328496539892,Category2,#7A93C8
55.64076701286512,8.264491622264568,6840,dk,3269.5690445899963,45.472490205321556,6.8654427855075575,Category2,#7A93C8
55.22474221701573,10.60517702343488,5854,dk,2069.3328557014465,40.17013089151094,81.74814857714104,Category2,#7A93C8
56.217573466411594,10.03584143037179,8471,dk,5171.957721710205,71.37185691286211,57.91748605038802,Category3,#B23282
56.43249106773964,8.233325688917558,7650,dk,889.588660120964,18.028589560566367,7.259329753861659,Category2,#7A93C8
56.62194069118393,9.365165074335762,8832,dk,3537.919899761677,20.854145591089814,24.359969812137226,Category2,#7A93C8
55.06992884578868,10.70068559972649,5881,dk,3835.9458280801773,132.61113677228616,26.907491352160775,Category2,#7A93C8
54.9684768011864,12.28257049757175,4780,dk,5694.430650644004,31.096744386471524,11.423184277335507,Category2,#7A93C8
55.95413017272949,10.425491756863064,8799,dk,136.47098672389984,34.57814772923788,8.119775652885437,Category2,#7A93C8
56.85206127460615,8.695059094694997,7950,dk,3558.766369998455,35.56265212848172,19.234724461467447,Category2,#7A93C8
55.873454093933105,12.52580623626709,2960,dk,6908.258876800537,508.61708641052246,26.620641715386334,Category4,#FF6D6D
56.238249496211374,9.528199954967578,8632,dk,1828.3758583068848,48.53508345865395,58.25551416313744,Category3,#B23282
56.69306890787902,9.485074753231473,9620,dk,4728.11001316458,15.466001292527368,30.756397791890624,Category2,#7A93C8
55.66744740804037,12.585824012756348,1411,dk,14424.43701171875,9929.713877360025,4.167324781417847,Category1,#82BD17
55.90856926113283,12.073476248732467,3310,dk,4184.79340839386,110.93970194402527,16.044247354472095,Category2,#7A93C8
56.23251550285905,9.747968188964338,8883,dk,2693.7836966514587,50.33573712990703,62.24639656808641,Category3,#B23282
55.04443996027323,10.874732075783603,5953,dk,2633.72740188241,21.532272317374424,9.743592423644186,Category2,#7A93C8
55.53926457608188,11.582566740225863,4295,dk,3678.947189092636,53.89185377582908,36.79053956457862,Category2,#7A93C8
57.27286782715408,10.314072721876691,9352,dk,2477.5533123016357,27.084156095011046,23.34313225771485,Category2,#7A93C8
56.697611236572264,8.214330291748047,7680,dk,1949.198272228241,299.83851674795153,-0.2350777821107344,Category1,#82BD17
57.35795271070289,9.96304622688235,9760,dk,6240.446701288223,39.11128594072251,23.555672653534774,Category2,#7A93C8
55.67854690551758,12.594244003295898,1428,dk,1476.7247314453125,3280.05810546875,NULL,Category1,#82BD17
55.670326232910156,12.578733444213867,1473,dk,3376.82861328125,7582.041015625,NULL,Category1,#82BD17
55.6236342324151,12.302454365624323,2635,dk,5592.353740692139,546.4819836086698,10.979926268259684,Category3,#B23282
56.180754592880334,10.47243660506624,8420,dk,2356.571292385459,32.1796069270094,26.390065532500206,Category3,#B23282
56.20464512658498,10.2420380456107,8240,dk,27484.27404308319,1357.7808667137508,9.753290279457966,Category4,#FF6D6D
57.280866113305095,10.99664445722645,9940,dk,987.5754298567772,16.141779666546395,6.4039818850072265,Category2,#7A93C8
55.64733415423213,9.07553630562516,6623,dk,1923.4190112352371,16.271907660150312,65.21885134765694,Category2,#7A93C8
55.46095912418668,9.617626066813393,6092,dk,1023.3521209657192,41.38966103054228,13.112489867524097,Category3,#B23282
56.650373996163346,10.004575604241332,9550,dk,6189.915128558874,61.69782454972079,37.4198554388777,Category2,#7A93C8
55.47749349492968,10.131682585205608,5474,dk,2154.900426387787,33.55971799537991,41.921200318318434,Category2,#7A93C8
55.756323870490576,10.272371516508215,8789,dk,93.75990188121796,26.829301357269287,3.5744450092315674,Category2,#7A93C8
54.96915332471045,9.922041657524156,6440,dk,8006.979152917862,70.78042741819563,25.165171227671205,Category2,#7A93C8
55.670570373535156,12.594720840454102,1425,dk,4470.84326171875,9235.37109375,2.062969207763672,Category1,#82BD17
55.3021424399429,12.197571800863033,4653,dk,4923.700227022171,39.13014147473729,15.910851113200984,Category2,#7A93C8
54.93094126383463,12.059677814443905,4793,dk,1020.0743198022246,32.43980753670136,9.011289767011824,Category2,#7A93C8
55.12360397966402,10.276461988906437,5600,dk,13356.990656405687,70.24377562535605,37.16378417719761,Category2,#7A93C8
54.74916805642448,11.190827525658504,4983,dk,1240.7611281871796,15.464068492944307,-0.9258724955598736,Category2,#7A93C8
55.25561853744901,11.521995944125885,4262,dk,2459.6277282238007,44.62527385721303,20.15674276319484,Category2,#7A93C8
56.62854223499985,10.20321610284738,8970,dk,3721.400101078674,32.74086462335288,22.202494343327174,Category2,#7A93C8
56.611879232996095,8.866152413001583,7860,dk,3994.2431676387787,66.74109364388622,26.400244820836267,Category2,#7A93C8
54.97886753970352,12.468488474733194,4791,dk,1145.687538266182,28.563765582239398,28.140755932857278,Category2,#7A93C8
55.43530043765295,11.66532790072859,4173,dk,3666.445490837097,35.618358313695715,41.097025835205756,Category2,#7A93C8
55.31893009735968,11.968387715244159,4690,dk,18364.806416869164,101.55895849737962,35.36093077590611,Category2,#7A93C8
56.376623474792595,8.266104361091214,7570,dk,2018.1467072963715,24.414653510301747,4.5361621988585314,Category2,#7A93C8
55.988220789853266,12.4827601313591,3490,dk,5927.378234863281,123.89974787655999,41.388246727924724,Category3,#B23282
55.49116638891106,11.952338710442568,4140,dk,8806.905888319016,65.00935490093883,42.53552637830555,Category3,#B23282
56.07701051927276,8.665680758524509,6920,dk,6728.883892416954,20.634904672467595,37.954861026089425,Category2,#7A93C8
56.5222246425733,9.309176717621781,8831,dk,3571.4049616493285,29.049792975890508,22.123500394430444,Category3,#B23282
56.151036927194305,10.209090955329664,8000,dk,66318.98608796299,4460.049579244672,16.37357739833268,Category3,#B23282
54.86189557647601,11.729461712928131,4862,dk,1706.209543466568,42.52423626980449,4.902649909294696,Category2,#7A93C8
54.882584097524166,11.086233281584645,4912,dk,409.4884520769119,21.25169597605549,3.527392417440812,Category2,#7A93C8
55.672340393066406,12.437552332878113,2610,dk,4752.6187744140625,2036.315933227539,17.831679701805115,Category3,#B23282
55.920121647819634,11.557054886931466,4573,dk,2714.3848741054535,39.388108860626424,10.64708451084396,Category2,#7A93C8
55.20747362438551,9.179903348265197,6541,dk,738.7408699989319,15.126300006555697,37.534926535310916,Category2,#7A93C8
55.952584352910215,10.165629479059815,8300,dk,19966.24548661709,90.39129621013753,29.187221440033333,Category3,#B23282
54.91460120236432,9.61703723669052,6320,dk,4542.411260664463,300.73061174816553,10.20312686601565,Category2,#7A93C8
55.80324185148734,11.591566815610419,4571,dk,2308.4921860694885,39.689442009204186,31.94997115328397,Category2,#7A93C8
54.999978805581726,12.072883926331997,4772,dk,722.9989773929119,26.799518483380474,43.25947826200475,Category2,#7A93C8
55.670387268066406,12.544617652893066,1751,dk,12924.6171875,26698.23828125,8.239426612854004,Category1,#82BD17
57.38599250833824,10.140854686877084,9830,dk,3156.0383508205414,28.464427738782597,47.52161024014155,Category2,#7A93C8
56.82528972852798,8.383613618683247,7755,dk,1786.0073115229607,22.507795158085372,14.889464535939508,Category2,#7A93C8
55.68889198303223,12.482974910736084,2720,dk,28392.548828125,5866.0118408203125,15.101426029205323,Category4,#FF6D6D
56.295245336675315,9.621776241510092,8643,dk,1878.0086600780487,112.60188282128095,34.75481626354918,Category2,#7A93C8
57.43037572325877,10.449832463824944,9900,dk,28509.765090733767,101.95480316896264,37.09435543393024,Category2,#7A93C8
57.56142874787635,10.220019491477528,9881,dk,2732.7154958844185,32.44020071863137,16.246507075088278,Category2,#7A93C8
55.49689022892653,9.98072901735402,5464,dk,4820.304276943207,73.77323639320606,14.78303657142573,Category2,#7A93C8
54.78836960595792,11.653551216719514,4990,dk,8525.025924857706,23.86816704638173,6.667123003758299,Category2,#7A93C8
55.670562744140625,12.561274528503418,1700,dk,4010.718017578125,8284.8955078125,5.585042476654053,Category1,#82BD17
55.65784971309275,11.862272141328576,4060,dk,4231.187188580632,99.12693692286886,31.69931106140216,Category3,#B23282
55.46842807048076,8.451869706849795,6700,dk,27855.87764286436,838.4728791363336,10.501339397827785,Category3,#B23282
55.57119665600004,12.22282712800162,2690,dk,10594.058185577393,416.80771577017657,16.969297946950118,Category3,#B23282
57.185590955107145,10.14834969930902,9320,dk,5628.423261880875,51.21705560210437,24.269416088385267,Category3,#B23282
56.53674445887456,10.320754439058131,8950,dk,2993.35258654505,23.623562200824615,15.5294798382645,Category2,#7A93C8
55.94829146067301,12.49107085466385,2990,dk,10779.794322013855,538.4735962192218,17.76707687502106,Category3,#B23282
57.04394727400278,10.204221197965248,9362,dk,2814.354982852936,54.58935989282767,8.374759171335123,Category2,#7A93C8
56.74271947214259,9.675718036109114,9610,dk,2764.3318195939064,29.230548520368433,52.65580532557755,Category2,#7A93C8
55.68854331970215,12.624699234962463,1432,dk,4142.750518798828,1364.6874237060547,1.2841963604092599,Category3,#B23282
55.49451096085773,12.102488862964021,4623,dk,9071.131251335144,117.09838030678138,24.8679487444652,Category3,#B23282
55.41584564024402,10.464987270293697,5240,dk,18462.441786766052,340.30595400256493,6.422486267363031,Category2,#7A93C8
55.70813968138882,8.604295347839274,6862,dk,1569.3005003929138,32.89867535671453,22.50198162977841,Category2,#7A93C8
55.7036247253418,12.382107734680176,2740,dk,978.1138305664062,1011.0748291015625,15.31876516342163,Category3,#B23282
55.04649696362948,14.915224429085281,3720,dk,3538.11504894495,37.45764747284242,39.0636883682568,Category2,#7A93C8
54.71205996330833,11.726103583879034,4892,dk,1260.0456693768501,23.462264812894205,10.001140262704846,Category2,#7A93C8
55.44216169299283,10.185842514697363,5462,dk,3321.3996481895447,49.15123036610176,42.36718281991162,Category3,#B23282
55.50432606536175,9.489410219045334,6000,dk,57708.277513980865,188.91913319628918,38.676938810153736,Category2,#7A93C8
55.746583795547494,12.224662660133273,3670,dk,4742.530749320984,145.84722225041617,12.499350041186526,Category3,#B23282
55.19745405599134,14.933170814362784,3760,dk,1544.023267686367,42.345637455293534,61.71746511024142,Category2,#7A93C8
56.43590213593983,10.66418588093349,8586,dk,973.5304110050201,57.716266702924464,27.888616280782788,Category2,#7A93C8
56.21141426651567,10.166168211713249,8200,dk,31352.479681015015,553.2433445871612,60.08397630232352,Category3,#B23282
55.543224679856074,12.019818378561332,4130,dk,9542.317492485046,131.5965836109365,38.92858907767016,Category3,#B23282
56.63540326464945,9.764996351238828,9500,dk,21389.785884857178,59.84632463930304,38.63478728072067,Category2,#7A93C8
55.65294413282966,11.287421329552103,4470,dk,4191.198632240295,72.51319940959141,18.73112113761707,Category2,#7A93C8
56.74354023194851,8.642804166589464,7970,dk,943.9139366149902,24.276603838283016,14.123733452513184,Category2,#7A93C8
55.70811867713928,12.528643528620403,2400,dk,52929.131103515625,11429.236877441406,19.219626804192863,Category3,#B23282
54.68991227015789,11.919721983691094,4873,dk,3718.7059659957886,59.612011095321165,0.5162886902684001,Category2,#7A93C8
56.08317874792294,12.371628830448174,3120,dk,2173.893047094345,72.54175887963711,12.03228787617551,Category3,#B23282
56.547858366909495,10.010930701449615,8981,dk,5387.338504314423,58.48952216290595,45.469647302668115,Category2,#7A93C8
54.9773210608441,11.539957850912343,4945,dk,135.52881521359086,17.951609262521718,4.812019753185186,Category2,#7A93C8
55.98895974739704,9.303442627548652,7361,dk,2843.6719895601273,31.183800487099358,72.94600073106928,Category2,#7A93C8
56.58975836869442,8.176588650303657,7673,dk,865.177561737597,22.87458561837974,11.452234770763814,Category2,#7A93C8
56.33458020910011,9.001492993689203,7540,dk,1250.3332948088646,16.01336003087194,36.17890862177155,Category2,#7A93C8
55.94162692367112,9.842332867863709,8751,dk,6713.493470668793,57.664960010199124,76.98723773983029,Category3,#B23282
55.14845617142935,10.700832773995776,5884,dk,1479.8369188308716,55.457565453847245,60.643385766650006,Category2,#7A93C8
56.153679952591034,9.909955300687793,8464,dk,10143.968105316162,76.95018557490724,63.596537107942204,Category3,#B23282
57.10310859680177,9.92589144324645,9400,dk,25730.062626838684,210.43674616049498,7.2972391259188605,Category2,#7A93C8
55.57336312818112,11.786888932781986,4360,dk,2452.5760846138,54.64690345376405,51.92296610999396,Category3,#B23282
55.22574405259914,10.448110106773912,5750,dk,14215.639636516571,64.14126901607192,59.46950522782984,Category2,#7A93C8
54.862924652133024,9.329564670869136,6330,dk,5327.720536708832,43.56384980788528,32.40163020258514,Category2,#7A93C8
55.85260558595844,12.535327231182771,2950,dk,7352.227872848511,494.9848014981139,22.57349665108181,Category4,#FF6D6D
55.61421343096469,9.383157069262037,6040,dk,6755.943154096603,62.47938853695389,63.330555030405044,Category3,#B23282
55.125286600967044,10.524812525706004,5771,dk,6539.734488964081,56.784290281723564,64.09576773805503,Category2,#7A93C8
56.273367552323776,10.300637556747956,8541,dk,12443.575358390808,282.019008139408,52.16564328814997,Category3,#B23282
56.14651446872288,9.15770510243781,7430,dk,16297.577647686005,183.05073170087957,63.19755136834251,Category2,#7A93C8
55.18324192272622,11.982575857129104,4733,dk,4564.0256106853485,42.62917238834485,55.22502744651544,Category2,#7A93C8
55.40303604125977,10.610357960065205,5350,dk,1627.516016960144,65.38127113660177,12.424123951594034,Category2,#7A93C8
55.71404801991397,8.25184750360447,6854,dk,479.2270005196333,22.61789573136813,9.804259904615368,Category1,#82BD17
57.09979017993739,8.965876766667572,7741,dk,1816.6887775659561,26.403085816890734,8.341293906390145,Category2,#7A93C8
55.82433149019877,12.529805761575698,2850,dk,8833.388704299927,623.7965969721477,28.527675330638885,Category3,#B23282
56.820560512542734,10.043150629508188,9575,dk,2369.7525799274445,45.683029862632104,30.007428195170863,Category2,#7A93C8
55.65906016031901,12.525275230407715,1805,dk,10378.650390625,7143.4033203125,16.093894640604656,Category3,#B23282
55.822631586165656,12.569521449861073,2942,dk,2367.171112060547,554.5119659333002,23.014302968978882,Category3,#B23282
54.927350795059795,9.222632954488061,6360,dk,3602.8315855264664,17.402396223413483,20.8341137508274,Category2,#7A93C8
55.58250251273387,11.970482973945447,4320,dk,6726.659142494202,91.39874724545612,33.809023175313065,Category3,#B23282
55.66900569178627,12.097224676012653,4000,dk,60187.021236248314,179.55104828720837,21.30855506007232,Category3,#B23282
55.07357936435275,10.226275934113396,5603,dk,100.97180181741714,35.91432257493337,14.31329357624054,Category2,#7A93C8
55.78379888267927,12.150699365651736,3650,dk,20850.041734695435,153.73051020810254,13.171353781400082,Category3,#B23282
55.439145273523394,11.837851459677998,4100,dk,34564.98984503746,99.8146088179376,34.912192425486936,Category2,#7A93C8
55.102311028374565,9.516040462917752,6210,dk,154.21430531144142,36.358870612250435,31.063289818940344,Category2,#7A93C8
55.69490051269531,12.53646469116211,1959,dk,11098.666015625,22931.12890625,8.380324363708496,Category4,#FF6D6D
55.38278711013042,10.04772949426635,5560,dk,7273.841645956039,42.90654797235721,56.74300512756574,Category2,#7A93C8
56.108911823530526,8.241177498104019,6950,dk,8057.265099778771,86.28483418585154,5.696413792239665,Category2,#7A93C8
56.16800018279783,10.07681726351861,8220,dk,18033.61713218689,342.5895859810614,44.40193526783297,Category2,#7A93C8
57.20401949168955,10.324193824938632,9330,dk,5831.770695924759,25.847750777280208,20.83779182502844,Category2,#7A93C8
56.48630870022452,10.428208045161304,8961,dk,2407.7494084239006,32.34260045650278,14.841935014928094,Category2,#7A93C8
55.879951700331674,11.155628570488522,4592,dk,168.7439777702093,25.93747507201301,5.5211506456136705,Category2,#7A93C8
55.77546310424805,12.466037273406982,2800,dk,760.9909629821777,787.9384918212891,22.586706161499023,Category4,#FF6D6D
56.03602409183547,9.897041353857269,8660,dk,22646.79350799322,88.04090852452936,69.01601438071707,Category3,#B23282
55.63912843403063,12.535231791044536,2450,dk,27802.405868530273,3206.2962341308594,1.4731709973088332,Category2,#7A93C8
54.9120548737937,11.85040733984781,4840,dk,6271.913240045309,48.3975250392934,9.040707101455967,Category2,#7A93C8
56.425525371431135,9.31575349625888,8800,dk,37731.84205675125,116.39211464415835,41.098790777742465,Category3,#B23282
55.25079664822893,12.028771838017402,4683,dk,4895.946847200394,49.287823584579634,60.48763497044702,Category2,#7A93C8
55.59468806885599,9.503152630074904,6052,dk,1262.6857404708862,31.089862932029042,62.445504974183585,Category3,#B23282
57.11743212745089,9.974690371686439,9380,dk,5691.3145570755005,91.80812630645606,21.793432459355,Category3,#B23282
56.74238941721158,10.169516329244942,9560,dk,7518.593815587461,47.31273309207624,12.664770392919287,Category2,#7A93C8
55.14061238135335,15.041108575645248,3751,dk,850.3724066019058,14.72515219304967,77.3430127886524,Category2,#7A93C8
57.01503431081772,9.863119948108992,9200,dk,14779.56240940094,160.01116309165954,17.90061800471184,Category3,#B23282
56.50646508373906,9.625582531273034,8830,dk,5425.317136287689,54.51792629669505,34.16382514170054,Category2,#7A93C8
56.39191908337862,9.910169087844169,8870,dk,8631.349606990814,55.268155399201525,45.02141987845969,Category3,#B23282
55.30881014286764,12.37970751481486,4660,dk,4957.0514442920685,37.05955125604535,24.651484375909614,Category2,#7A93C8
56.6376527850246,8.556222703893807,7790,dk,2896.494329094887,39.368057413474475,10.562779963276688,Category2,#7A93C8
57.221026368253554,9.646502179449255,9490,dk,7164.892972558737,115.23859480711748,7.807586614451459,Category2,#7A93C8
56.00710695761222,11.958818603444982,3360,dk,1416.465216100216,116.18009069230821,9.034598660469054,Category1,#82BD17
56.474850737085255,8.805122274222743,7830,dk,4244.310868144035,29.533949784864635,17.73308485329036,Category2,#7A93C8
55.678794860839844,12.579000473022461,1160,dk,3449.13037109375,7124.830078125,13.817587852478027,Category1,#82BD17
56.19018230927296,10.149991786174285,8210,dk,24905.91106414795,893.070030261309,55.95849630893806,Category3,#B23282
55.3124395849841,10.207644051498697,5690,dk,9306.085978507996,103.86175837885449,45.03113154189651,Category2,#7A93C8
55.2124687047791,11.73427414412145,4700,dk,41545.28271603584,82.2844268462532,15.683641855487306,Category2,#7A93C8
56.55955523147332,9.87609123918423,8990,dk,2623.439488828182,17.917512431202827,25.72363738490121,Category2,#7A93C8
55.29474098917879,9.949909723423145,5610,dk,9015.673489958048,42.340834019000155,29.463582310075935,Category2,#7A93C8
55.978818810142954,9.632802953598087,8740,dk,7573.338230133057,27.496019780704554,88.79060563049734,Category2,#7A93C8
56.827370009226755,10.121108389008638,9574,dk,1377.9396871328354,16.76352412679869,28.709378439369516,Category2,#7A93C8
55.75898798561371,11.424175333907938,4534,dk,4811.663556098938,87.11298595400257,7.106052436296321,Category2,#7A93C8
56.225427988803744,10.288257494117275,8250,dk,9112.31215596199,523.3221161004268,9.903925848779854,Category4,#FF6D6D
56.262043302940405,9.856996945803667,8450,dk,10719.355097770691,119.68528352216933,69.41187052547846,Category2,#7A93C8
55.58534904449503,11.875279190592588,4330,dk,5561.2262082099915,88.8917243676928,60.52469308347075,Category3,#B23282
55.22308965673974,9.998853071103767,5631,dk,2972.6412050426006,35.98029548463839,28.68458288018464,Category2,#7A93C8
54.95045175498567,8.891400276659317,6270,dk,10279.745228171349,40.87896942782877,5.649602627710595,Category2,#7A93C8
56.0871289767387,9.535484295556147,8653,dk,5520.653426527977,73.7636160684222,91.0455868896062,Category2,#7A93C8
54.905185009023754,10.748491794892425,5900,dk,9050.457023441792,52.78595588486391,8.324337262236085,Category2,#7A93C8
55.69554901123047,12.600456237792969,1259,dk,178.6548614501953,1272.8331298828125,NULL,Category3,#B23282
55.58885897771277,12.61235561966896,2791,dk,18160.705938100815,514.8138523101807,1.936991365716137,Category4,#FF6D6D
55.899299610228766,8.852712289208458,7270,dk,373.8955830335617,16.669969115938457,28.16164676348368,Category2,#7A93C8
55.73759594145275,12.342265447889057,2750,dk,17436.686233520508,1380.68112168085,33.571071757362,Category3,#B23282
55.412751525440854,9.325521068662917,6580,dk,6346.595307350159,43.67756184733589,43.67730807459525,Category2,#7A93C8
55.220098445680414,11.48949853517391,4243,dk,1846.675268292427,39.91021517267934,11.923077813909103,Category2,#7A93C8
55.76451907082209,12.316574520534939,2760,dk,8416.130773544312,694.5055424523732,20.07475025313241,Category3,#B23282
56.04505872185809,9.374155342984363,7362,dk,904.7975937128067,40.4063226081887,88.89868090104083,Category2,#7A93C8
55.52235260463896,9.207966146014986,6621,dk,780.9406363964081,79.31266490050724,46.71349239349365,Category2,#7A93C8
57.67940261527057,10.467603028037331,9990,dk,6673.948602564633,53.571640692830606,8.314516901447062,Category2,#7A93C8
55.16485652923584,11.155497074127197,4245,dk,69.69736289978027,37.26441130638123,1.5963506664459903,Category2,#7A93C8
55.10545300220112,12.055619008624305,4720,dk,8919.107496529818,55.062869057560995,15.084489270155347,Category2,#7A93C8
55.713157122785404,9.802287543903699,7140,dk,1806.1634690836072,27.2014239182978,58.81337861012329,Category3,#B23282
55.8957039511102,12.215850452989596,3330,dk,2561.3548259735107,56.726852944162154,20.662993985159783,Category3,#B23282
56.347428273107255,10.099269170193063,8370,dk,14400.48107790947,46.430318386668205,49.53278239816274,Category3,#B23282
55.541263429323834,9.299892137199642,6064,dk,1325.8802304267883,33.50823879266778,54.3245790702732,Category3,#B23282
55.38514074124987,9.956265460829886,5591,dk,3064.213471889496,33.733282975355785,31.246392043431598,Category2,#7A93C8
55.47496535534411,8.806529938201953,6690,dk,2956.290679216385,73.66866764866094,19.676051496937777,Category2,#7A93C8
55.1786194820893,10.530135809947284,5772,dk,3656.4515557289124,65.27738994158231,77.39261997809777,Category2,#7A93C8
55.44322073194715,10.622593086737174,5300,dk,7393.692626476288,101.52753623856438,7.850859452552974,Category3,#B23282
55.92633687973022,8.153516340255738,6960,dk,2669.252996014431,81.53385771393776,3.346880889253673,Category1,#82BD17
55.44084558795027,11.586734105968686,4180,dk,13572.010931134224,75.53259389722072,42.583954117663815,Category1,#82BD17
54.946670083504976,9.716392268455275,6400,dk,31474.301806509495,126.26929524401322,21.143247360260126,Category2,#7A93C8
55.07720636835229,10.445399507970736,5762,dk,6245.353617250919,69.19144344282691,27.912273682940064,Category2,#7A93C8
56.95174260357611,9.997532419664726,9260,dk,5935.2761335372925,35.84278973609839,31.373796931190114,Category3,#B23282
55.474504069324006,8.598784846863106,6731,dk,6080.193949460983,64.41348583579973,8.23106726860342,Category3,#B23282
56.22429886135959,9.041271928895233,7451,dk,5457.760459184647,42.81030178030162,46.888329311630486,Category1,#82BD17
56.18004381883811,9.562787852924599,8600,dk,39889.22194814682,156.45960951840007,65.5512400373035,Category3,#B23282
56.264875550069995,8.806494258623086,7490,dk,4851.986692905426,42.59061346177726,45.360042738914494,Category2,#7A93C8
55.721605677797335,8.366631514044723,6855,dk,2164.7320182323456,38.35536849640665,18.979124901297503,Category2,#7A93C8
55.40647321428571,10.391862869262695,5000,dk,43199.6022644043,2531.7560180664063,9.892833825945853,Category3,#B23282
56.04004175590746,12.098786059052053,3220,dk,2197.333324059844,110.00845835975024,20.11422421263926,Category3,#B23282
56.07792807949914,10.111626972754795,8310,dk,7653.634769439697,187.09549000528125,63.39818403455946,Category3,#B23282
55.61643899826776,8.809814029421124,6753,dk,1481.868708372116,30.16656518936157,31.555002443676905,Category2,#7A93C8
55.372890928419814,11.25294343737572,4241,dk,6679.724259853363,70.0497595397707,5.253061252891367,Category2,#7A93C8
55.69360266690828,11.105949132415759,4400,dk,16914.552612826228,67.4296809321717,14.402082212635976,Category2,#7A93C8
55.45444343384654,12.042317604025206,4632,dk,7605.9940366744995,142.57444926702428,32.74120741277591,Category3,#B23282
55.707651433979414,9.488033066874694,7100,dk,53064.33773684502,150.80737775154788,75.92222419502765,Category2,#7A93C8
56.342944081605346,9.199179330527935,7470,dk,3607.2112169861794,74.61498553268096,53.46350581208227,Category2,#7A93C8
55.67902755737305,12.586433410644531,1060,dk,3603.66455078125,7444.0498046875,12.147835731506348,Category1,#82BD17
55.78117382526398,12.586941709121069,2930,dk,6687.474544882774,975.8104840119679,13.784397825598717,Category3,#B23282
54.78290654212321,11.925290417874585,4800,dk,26470.193514909595,115.4993521001942,7.518541688427224,Category2,#7A93C8
56.98247706691424,9.932041051487127,9210,dk,18183.105724334717,243.71785330375036,35.6463246053265,Category2,#7A93C8
55.029417276382446,10.259222428003948,5602,dk,64.8593738079071,17.730930507183075,3.0954394808837344,Category2,#7A93C8
55.18576745395546,9.045165856041045,6520,dk,3440.7371822595596,15.879513940775166,33.69558928964211,Category2,#7A93C8
55.36082984273027,11.669721835880747,4171,dk,3065.746190547943,41.84975196598022,31.496225181091127,Category2,#7A93C8
56.7200137751906,9.028431705998594,7870,dk,7136.293946951628,33.92626374052959,19.633232702474924,Category2,#7A93C8
57.28418334510593,9.914074460731614,9700,dk,14166.520185947418,54.26312245186832,18.847967284362863,Category2,#7A93C8
55.447924394141175,9.857931337683253,5580,dk,5684.726585924625,68.73266984955622,15.195152802190025,Category2,#7A93C8
57.14045565448282,10.372501695207703,9340,dk,1441.4942563772202,33.63876196834948,9.440649314823428,Category2,#7A93C8
54.920241684482775,9.556932043526821,6300,dk,8563.222640514374,123.54915085560518,31.127819710279105,Category2,#7A93C8
55.82214716463108,11.487969022277639,4550,dk,5919.380943879485,86.5687902665451,26.09313755115871,Category2,#7A93C8
55.495470553352725,11.521242691647439,4190,dk,1367.044505596161,54.462287835563934,36.79650525848071,Category2,#7A93C8
55.55388216939914,8.184499057458371,6857,dk,287.19983936846256,12.74006731611531,6.449333897007234,Category3,#B23282
55.76045608520508,12.531575123469034,2820,dk,12102.556640625,2087.3706817626953,29.488057851791382,Category4,#FF6D6D
55.881270286225934,8.536848974691402,6880,dk,5321.012605547905,14.691013467590446,13.826941553873251,Category2,#7A93C8
55.512794449215846,10.679669861566452,5380,dk,797.214369893074,20.16550516003654,12.327889139311655,Category2,#7A93C8
57.1890930510339,9.94940683963627,9382,dk,2292.971872806549,86.61168334146019,10.169749856197914,Category2,#7A93C8
55.39113554644894,10.295791847984512,5200,dk,13180.759128570557,307.0941963294884,31.255278875611044,Category2,#7A93C8
56.04031623734368,12.532872520010882,3000,dk,28615.581716537476,494.86790725438277,39.192764539851076,Category3,#B23282
55.25110663541984,11.863722450702221,4684,dk,8089.372671127319,111.19501795170113,50.83689781989886,Category1,#82BD17
57.28130057041942,9.670249983428091,9493,dk,1380.5358407497406,16.61269114672488,9.54468968634243,Category1,#82BD17
55.670379638671875,12.569581985473633,1577,dk,2397.545166015625,5002.6083984375,10.115751266479492,Category1,#82BD17
55.12284406096847,9.159473752445646,6534,dk,1622.7992618083954,20.77995969127726,54.21241368187798,Category2,#7A93C8
55.47433965975645,8.68969577537012,6740,dk,9372.184334993362,36.034924226665,11.357059417130452,Category2,#7A93C8
57.5824256726926,10.383961248517666,9982,dk,1889.9616339802742,21.576368906523186,9.393915740549039,Category2,#7A93C8
55.188295524383676,10.772848118632973,5874,dk,2605.781282708049,73.28833636210926,23.193559903770254,Category2,#7A93C8
55.66708076274191,8.537569986020912,6800,dk,17450.12803030014,71.96313305781598,21.528972107478992,Category2,#7A93C8
55.2679279076436,10.652944326104585,5853,dk,4425.658582448959,40.46989297667152,55.95126549706449,Category2,#7A93C8
54.89877547423044,9.956397291560654,6470,dk,8143.430044203997,79.01611906879793,18.359373626218588,Category2,#7A93C8
55.40724321547009,8.988247411733584,6660,dk,587.1242389678955,19.685864976758047,32.45936909516652,Category1,#82BD17
55.749899450741154,12.11162833499234,4040,dk,12913.206858366728,171.68759576191496,7.810641538226194,Category3,#B23282
55.71006473465276,11.486791153919405,4520,dk,4804.917104721069,64.16347912140202,9.87257480807239,Category2,#7A93C8
55.912333299380876,11.635382735677611,4500,dk,10769.360610961914,136.33391866546344,15.111299897760455,Category2,#7A93C8
57.35654629602288,9.736043583125598,9480,dk,4664.005359530449,29.30978861570867,14.72477141837664,Category2,#7A93C8
55.648372173309326,12.451961636543274,2650,dk,2091.577178955078,936.2593307495117,9.530182778835297,Category3,#B23282
57.54827005607311,9.9804052697154,9850,dk,9840.600049376488,76.66476433559208,31.882357082075764,Category2,#7A93C8
55.50651552212005,9.798631024280017,5500,dk,21079.890013352036,169.2414177894234,20.831318838885938,Category3,#B23282
55.11148371696472,10.684707893927893,5882,dk,660.950426876545,39.34886974791686,49.88685268715576,Category2,#7A93C8
56.43056382552656,10.152203851834628,8960,dk,14327.526708841324,125.57663764490472,22.7990936895579,Category3,#B23282
54.8221341949039,12.058639899492261,4871,dk,1641.9820422157645,33.367576833764716,11.577958953612383,Category2,#7A93C8
54.70384033247697,11.603266552828257,4894,dk,1274.7496806457639,18.08542088828652,10.546417567823774,Category2,#7A93C8
55.943847715218176,9.955786188903653,8732,dk,6263.943339586258,45.158780596762696,65.8170046836173,Category3,#B23282
55.3096704956085,10.572713462961097,5863,dk,2856.0150175094604,68.1960723059518,44.520959667979724,Category2,#7A93C8
54.66215670161776,11.508256226822182,4895,dk,752.3971599824727,12.62772897878179,2.066239332273763,Category2,#7A93C8
55.66162872314453,12.537461280822754,1765,dk,3135.755859375,6474.8212890625,10.622032165527344,Category3,#B23282
56.99247388436051,10.061301145604048,9270,dk,7938.61562538147,142.59234553745813,20.741168450991207,Category3,#B23282
54.786738131005514,11.282642214629654,4920,dk,2962.99387216568,16.080761748372073,2.199587831830546,Category2,#7A93C8
55.438813150723774,10.29096436597052,5210,dk,18729.191541671753,313.8576299780891,14.890261125635533,Category3,#B23282
56.830323032661724,8.798083848962078,7900,dk,12845.109108306468,44.358811909458005,17.42286143337082,Category2,#7A93C8
56.06210468487862,12.511631179467226,3140,dk,5060.645521640778,187.62365564199595,33.237897043961745,Category3,#B23282
54.84648860023136,11.445171898710663,4941,dk,1167.2514568567276,29.80131701577908,5.759184619586347,Category2,#7A93C8
55.16678589584503,8.791214285019302,6780,dk,4944.311269402504,14.713228848741664,9.102287271411853,Category2,#7A93C8
55.551407855940624,10.656976523065818,5390,dk,356.5881408751011,15.605741401703545,8.674483808547711,Category2,#7A93C8
55.96572377593429,11.388086030218338,4583,dk,978.3125095963478,96.00343994741087,9.674746853491618,Category2,#7A93C8
56.23421859741211,10.221424403014007,8520,dk,13867.931735038757,559.8990636048493,43.34627943152251,Category3,#B23282
56.14918019221379,10.15735332782452,8230,dk,16946.914489746094,2725.8903057391826,21.441712929652287,Category4,#FF6D6D
56.01986124858124,12.201382139383034,3200,dk,17335.84275174141,94.7175462832975,20.821423787536272,Category3,#B23282
55.69386180323413,9.369153703991165,7182,dk,5029.363051176071,73.13687207077304,57.03152718020388,Category3,#B23282
55.841763262521646,12.194162275839826,3550,dk,9770.975085258484,99.37661316832717,30.126624525647582,Category3,#B23282
55.49893409729004,8.907256388134426,6670,dk,2962.8355207443237,148.63932292567358,40.13200978808933,Category2,#7A93C8
54.86418608640237,10.387637746058354,5970,dk,3003.9425852894783,35.11504066397724,23.140626326513704,Category2,#7A93C8
55.46129950267816,10.342244852789086,5270,dk,18745.601404190063,208.26507078323493,11.122662694919004,Category2,#7A93C8
55.71772163048047,11.680690049629035,4300,dk,34258.54203514755,147.44660223115056,21.171443829863144,Category2,#7A93C8
56.09740252651795,12.305713145330609,3250,dk,9849.480472922325,96.91392333531367,12.74410961966639,Category3,#B23282
55.695457458496094,12.578207969665527,1307,dk,8229.67578125,17003.462890625,6.255104064941406,Category4,#FF6D6D
55.731148701484756,8.855540233652658,7200,dk,10781.23839455843,40.570536849044615,32.98888367512525,Category2,#7A93C8
55.77109568750756,9.693030102470322,8722,dk,9952.11434173584,86.92896462471737,61.89131695728357,Category3,#B23282
55.583103944404776,9.655778393432234,7000,dk,41583.70063972473,216.87673041486337,30.032760965461055,Category2,#7A93C8
55.361986371565976,9.102731450882642,6630,dk,7423.656908273697,23.6763684806454,38.26178784444011,Category2,#7A93C8
55.338903478364564,11.198072048417337,4220,dk,15304.225586116314,132.78596638567518,7.290536587287318,Category2,#7A93C8
55.04698931160013,12.0778387393676,4735,dk,2336.693711042404,37.13237356164702,25.070615597679435,Category2,#7A93C8
55.59186730741643,8.321834358498624,6852,dk,592.8197771161795,39.86224140818157,9.093495076167441,Category2,#7A93C8
56.81780295195402,9.027067562963826,7884,dk,1020.7429768145084,44.36120935388688,14.705919948146155,Category2,#7A93C8
54.68648319349184,11.711907218736895,4880,dk,2092.3024136200547,17.708464329135722,10.53909214685572,Category2,#7A93C8
55.69529342651367,12.569402694702148,1357,dk,5899.7275390625,12189.51953125,10.608789443969727,Category3,#B23282
55.72987563269479,12.274576354026793,2765,dk,15469.480911254883,361.89202518009,20.686445901081676,Category4,#FF6D6D
56.27707553238251,10.25472135353351,8530,dk,5446.156677722931,92.80514068730497,78.58400146560564,Category3,#B23282
55.848183288833724,12.419000754778077,3460,dk,22158.45310974121,302.2000914835768,45.524568855908456,Category4,#FF6D6D
54.91813125273028,11.203461704878801,4913,dk,1751.1526895537972,17.917363092937734,5.4861759243470924,Category2,#7A93C8
56.48001848440656,8.539842657027187,7600,dk,13646.047063916922,172.42576902544565,23.845431529114112,Category2,#7A93C8
55.66995620727539,12.552980422973633,1660,dk,12919.09765625,26686.8359375,4.803670406341553,Category2,#7A93C8
56.80685319250127,9.497330707400023,9600,dk,13903.367422580719,29.772510304913478,32.156760035303336,Category2,#7A93C8
55.647505043828886,11.504442025393288,4440,dk,5989.164182186127,47.39905672934656,28.064641417937448,Category2,#7A93C8
55.39363754138996,10.137811539030814,5492,dk,7833.61754989624,72.29120182295051,71.79839935450623,Category2,#7A93C8
55.72346356121591,9.88991677228015,7150,dk,1566.6723652482033,28.76426399634268,64.58956287820864,Category2,#7A93C8
57.07746449521973,9.258436802768342,9690,dk,6000.3498856425285,23.1633450536173,13.28296954559942,Category2,#7A93C8
55.52816209403518,11.207872341044068,4281,dk,5118.18476742506,45.239844242332424,5.593302703293789,Category2,#7A93C8
56.19153933368025,9.218874497452227,7441,dk,2926.246727347374,30.910668844573582,68.9338480887116,Category2,#7A93C8
56.762041115842834,8.741748551997404,7980,dk,805.7558658123016,24.353711026425973,27.91628665428574,Category2,#7A93C8
55.66200637817383,12.569623947143555,1560,dk,3713.04345703125,9349.787109375,NULL,Category1,#82BD17
54.86619184282089,11.29843693657527,4953,dk,505.9926030635834,13.047171287120335,7.6611159864683,Category2,#7A93C8
56.53169596267761,9.003103059803541,7800,dk,21182.163443386555,81.82192750024383,21.797705768455632,Category2,#7A93C8
